original_landlord,prefixes_leased,unique_tenants,avg_transitions,avg_churn_ratio,pct_returned,avg_min_hold_sec,avg_median_hold_sec
3491,195,195,1.0615,0.0043,100.0,560.7692,560.7949
4808,186,186,1.9624,0.0,3.8,17656.5054,17656.5054
401152,171,327,18.8889,0.8156,8.8,19.6667,105.2164
15169,109,109,5.3211,0.402,34.9,24525.2752,27161.1789
174,66,66,7.0455,0.4503,6.1,4904.0303,5883.5227
22908,66,66,14.8182,0.8632,0.0,0.4091,4.7121
37303,59,59,1.1017,0.0121,100.0,0.0,0.0
4811,51,51,1.8627,0.1438,100.0,40539.2157,61520.8922
4847,45,45,3.2444,0.374,75.6,17311.6,47029.7333
23724,43,43,3.0,0.3333,100.0,9863.6047,58726.0233
17621,42,42,2.0,0.0,0.0,16420.0,16420.0
9802,42,42,2.0,0.0,0.0,16429.8571,16429.8571
54339,38,38,3.8421,0.4605,0.0,0.0,0.4605
4812,37,37,2.9459,0.3243,100.0,3222.5405,34492.0135
58466,33,33,1.1515,0.0,84.9,56555.8788,56555.8788
327708,33,38,66.4848,0.8197,51.5,2701.303,4254.697
29702,24,24,36.8333,0.9444,0.0,0.875,6759.6667
18756,23,23,1.3478,0.058,100.0,15452.0,15794.9565
45706,21,21,7.3333,0.6778,66.7,0.0,7.1667
55410,20,20,8.15,0.5282,45.0,10169.3,11402.125
329611,19,19,135.2632,0.9568,84.2,0.0,4.7895
28258,17,17,1.0,0.0,100.0,30776.0,30776.0
30035,16,16,3.0,0.3333,100.0,43.5,14588.25
45102,16,16,2.125,0.1875,100.0,1012.8125,5072.4062
137535,15,15,12.4667,0.2453,100.0,319.2,320.7333
29632,14,14,7.7143,0.5619,14.3,1518.1429,1776.4286
36903,14,14,25.4286,0.9208,100.0,0.0,5.6786
138421,13,13,2.0,0.0,0.0,16449.0,16449.0
931,13,13,266.2308,0.9925,100.0,0.7692,287.9231
267221,12,12,5.0833,0.4634,25.0,24717.0,47201.3333
61587,12,12,3.8333,0.3778,66.7,24561.1667,24588.9583
55644,11,11,6.1818,0.1692,90.9,6360.5455,6361.4545
33659,11,11,1.5455,0.0909,100.0,4126.8182,10405.9091
31898,10,12,4.1,0.3785,90.0,255.6,553.1
15399,10,10,16.4,0.2859,80.0,1405.3,1411.0
17561,10,10,2.6,0.2666,100.0,571.9,10356.65
205019,10,10,8.0,0.75,0.0,637.0,18868.5
9341,9,9,5.8889,0.3259,100.0,0.5556,1.5556
56,9,9,9.0,0.4786,100.0,2.2222,69.1111
58519,9,9,3.0,0.3333,100.0,10325.3333,58943.7778
21887,9,9,2.7778,0.2963,100.0,0.2222,0.6667
4538,8,8,1.75,0.125,100.0,23331.625,33339.25
136897,8,8,24.0,0.915,0.0,0.0,1.3125
1516,8,8,33.75,0.9269,100.0,0.0,0.6875
396544,8,18,2.375,0.0156,0.0,7153.125,24424.4375
9304,8,8,1.0,0.0,100.0,13.625,13.625
2914,8,8,19.625,0.793,12.5,7.25,7.9375
133199,8,8,8.75,0.7369,50.0,0.25,4.6875
37027,7,7,102.1429,0.9799,100.0,0.0,9.1429
12008,7,10,59.4286,0.9369,100.0,0.4286,15.5714
17574,7,7,4.7143,0.457,100.0,31.2857,2477.5714
133119,7,7,2.0,0.0,0.0,16427.0,16427.0
7029,7,7,2.4286,0.1143,71.4,26.5714,42.4286
18390,7,7,3.0,0.3333,100.0,1.0,293.5
46887,7,7,10.0,0.7727,85.7,18.8571,2082.7857
37287,7,7,1.0,0.0,100.0,0.0,0.0
7545,7,7,9.1429,0.4987,85.7,13575.0,30752.6429
402236,7,7,4.0,0.5,0.0,0.0,0.5
2906,7,7,1.2857,0.0,71.4,36552.2857,36552.2857
24429,6,6,1.0,0.0,100.0,627.0,627.0
19905,6,6,18.8333,0.6052,50.0,3548.6667,3976.8333
138950,6,6,1.0,0.0,100.0,56547.0,56547.0
328847,6,6,8.0,0.75,0.0,0.0,2.0833
9808,6,6,22.0,0.9091,0.0,0.0,1.0
28885,6,6,492.3333,0.887,0.0,0.6667,7.3333
55933,6,6,4.5,0.1515,83.3,1182.5,1182.8333
16399,5,5,1.0,0.0,100.0,39820.0,39820.0
27064,5,6,61.8,0.8851,100.0,0.0,0.6
8772,5,5,4.8,0.4724,80.0,0.0,1461.4
1921,5,5,10.4,0.8067,0.0,550.8,758.5
149,5,5,9.0,0.7778,100.0,0.0,0.0
21859,5,5,1.2,0.0,80.0,11353.8,11353.8
48347,5,5,13.6,0.8,0.0,0.8,4096.7
25820,5,5,1.0,0.0,100.0,1.2,1.2
136617,5,5,5.8,0.6457,100.0,0.0,8.5
11409,5,5,15.4,0.8679,100.0,0.0,6.0
133731,5,5,10.2,0.4293,100.0,19927.2,24772.1
11814,4,4,2.0,0.0,0.0,745.0,745.0
37236,4,4,5.5,0.3875,0.0,1767.5,2148.125
212238,4,4,23.5,0.7101,100.0,194.25,8353.75
11342,4,4,2.5,0.25,50.0,1921.5,6219.375
269699,4,4,1.0,0.0,100.0,0.0,0.0
41616,4,4,2.0,0.0,0.0,145160.25,145160.25
3356,4,4,8.75,0.6074,25.0,12839.5,12842.125
328543,4,6,12.75,0.6613,25.0,2.25,3435.5
212628,4,4,1.5,0.0,50.0,320.25,320.25
212713,4,4,40.5,0.9485,0.0,0.0,7.375
28160,4,4,15.0,0.8667,100.0,2.0,4.0
27138,4,5,12.25,0.7355,50.0,0.0,1.625
25773,4,4,3.0,0.25,0.0,20.0,18726.875
23005,4,4,1.75,0.0,25.0,6601.5,6601.5
19871,4,4,12.75,0.5698,25.0,0.5,1.25
269314,4,4,1.0,0.0,100.0,11152.75,11152.75
17072,4,4,7.0,0.5938,0.0,8870.5,27766.375
4466,4,4,1.0,0.0,100.0,31.0,31.0
9929,4,4,4.25,0.5,25.0,27.0,12819.0
207021,4,4,3.0,0.3333,100.0,279.0,3074.5
4816,4,4,1.5,0.0833,100.0,44981.5,57152.375
396566,4,4,1.0,0.0,0.0,7897.0,7897.0
63117,4,4,11.0,0.8182,100.0,1.0,3.0
61785,4,4,30.0,0.9332,100.0,0.0,5.5
60024,4,4,3.0,0.25,0.0,17247.5,25861.25
834,4,4,15.5,0.8349,0.0,1.25,344.75
58349,4,4,13.5,0.8448,0.0,0.0,3.875
9541,4,4,41.75,0.4878,75.0,28460.75,28463.25
138415,4,4,11.75,0.6083,25.0,424.5,756.5
409,4,4,3.0,0.3333,100.0,0.75,0.875
427,4,7,9.25,0.7036,100.0,0.0,0.0
43527,4,4,2.0,0.0,0.0,8473.0,8473.0
201021,4,4,106.0,0.9615,100.0,0.0,1.0
42781,4,4,48.0,0.9206,100.0,1.25,7.75
197252,3,3,5.0,0.6,100.0,0.0,7.0
62610,3,3,15.0,0.5529,33.3,82.0,3092.0
367,3,3,11.6667,0.7609,100.0,0.0,1.0
22260,3,3,5.0,0.6,100.0,92.0,2148.0
41896,3,3,6.0,0.6,0.0,259.6667,402.3333
135581,3,3,1.0,0.0,100.0,0.0,0.0
64050,3,3,6.3333,0.6593,100.0,0.3333,4.0
40065,3,3,1.0,0.0,100.0,131636.0,131636.0
134764,3,3,1.0,0.0,100.0,56564.0,56564.0
134756,3,3,2.6667,0.1667,0.0,4.0,4.8333
131653,3,3,3.0,0.3333,100.0,8.0,775.0
577,3,3,3.3333,0.3333,0.0,758.6667,2480.3333
18186,3,3,243.3333,0.7907,0.0,8.0,5266.0
3549,3,3,45.0,0.9248,100.0,0.0,3.5
207316,3,3,3.0,0.3333,100.0,13671.6667,52805.6667
265240,3,3,1.0,0.0,100.0,0.0,0.0
209242,3,3,11.6667,0.5883,100.0,7157.0,7175.0
566,3,3,1.0,0.0,100.0,141524.0,141524.0
37677,3,3,10.0,0.8,0.0,1.0,3.6667
906,3,3,1.3333,0.0,66.7,54912.0,54912.0
203963,3,3,2.0,0.0,0.0,37.0,37.0
28220,3,3,114.3333,0.9795,100.0,0.0,3.3333
37294,3,3,64.6667,0.9637,0.0,0.0,11.6667
57531,3,3,1.3333,0.0,66.7,29729.0,29729.0
138968,3,3,3.6667,0.4,100.0,7.0,13.0
139726,3,3,1.0,0.0,100.0,222.0,222.0
141565,3,3,7.0,0.7143,100.0,0.0,0.5
212217,3,3,33.3333,0.9285,66.7,0.0,0.5
17885,3,3,11.0,0.8141,100.0,0.3333,28.1667
5511,3,3,2.0,0.0,0.0,37551.0,37551.0
10753,3,3,5.6667,0.4889,33.3,12856.6667,12935.0
6327,3,3,2.0,0.1667,66.7,4782.0,6845.8333
8047,3,3,1.0,0.0,100.0,97035.3333,97035.3333
273134,3,3,5.0,0.6,100.0,2.0,9.0
7587,3,3,2.0,0.0,0.0,5747.0,5747.0
14618,3,3,1.0,0.0,100.0,21087.0,21087.0
395743,3,3,9.0,0.7056,33.3,279.0,1785.3333
393713,3,3,35.0,0.9429,100.0,0.0,1.0
15830,3,3,5.0,0.5556,33.3,672.0,12895.5
401838,3,3,4.0,0.5,0.0,0.0,0.5
328126,3,3,21.6667,0.6229,100.0,1363.0,1364.1667
8376,3,3,23.6667,0.9149,100.0,0.0,1.0
203794,2,2,2.0,0.0,0.0,125987.0,125987.0
11406,2,2,1.0,0.0,100.0,89620.5,89620.5
41465,2,2,2.0,0.0,0.0,119835.0,119835.0
40966,2,2,4.0,0.3572,100.0,2873.0,2879.0
10617,2,2,2.0,0.0,0.0,1.0,1.0
44788,2,4,3.0,0.0,0.0,12943.0,15369.5
4755,2,2,7.5,0.4286,50.0,50671.5,50681.5
203020,2,2,7.0,0.7143,100.0,6.0,23.25
1649,2,2,14.0,0.6266,100.0,0.5,1.0
37123,2,2,1.0,0.0,100.0,7.5,7.5
11983,2,2,2.0,0.1666,100.0,1055.5,8523.25
209784,2,2,22.0,0.9089,100.0,0.0,1.5
37006,2,2,3.0,0.25,0.0,5450.5,8175.75
36988,2,2,29.0,0.931,100.0,0.0,1.5
210329,2,4,62.0,0.9515,0.0,0.0,6.0
211440,2,2,3.0,0.3333,100.0,15794.0,61908.0
36873,2,2,103.5,0.904,50.0,0.0,3.25
35021,2,2,7.0,0.4231,100.0,6341.0,6381.5
4800,2,2,10.0,0.8,0.0,0.0,3.0
32787,2,2,40.0,0.9497,100.0,0.0,1.0
13238,2,2,2.0,0.0,0.0,21.0,21.0
3257,2,2,2.0,0.0,0.0,109659.0,109659.0
29032,2,2,14.0,0.8444,0.0,0.0,4.5
1540,2,2,1.0,0.0,100.0,0.0,0.0
198949,2,2,13.0,0.46,100.0,67801.0,67801.5
47122,2,2,19.0,0.8936,100.0,0.0,0.5
8895,2,2,10.0,0.7802,100.0,0.0,3.0
5769,2,2,14.0,0.8503,100.0,2.0,1049.5
134028,2,2,1.0,0.0,100.0,0.0,0.0
134542,2,2,2.0,0.0,0.0,16447.0,16447.0
134548,2,2,69.0,0.971,100.0,0.0,2.0
134772,2,2,1.0,0.0,100.0,56545.0,56545.0
399169,2,2,1.0,0.0,0.0,18955.0,18955.0
62240,2,2,4.5,0.55,50.0,5723.0,10617.0
812,2,2,3.5,0.3334,50.0,225.5,864.0
7046,2,2,7.0,0.7143,100.0,2.0,5.5
59245,2,2,52.0,0.9616,100.0,0.0,4.0
58779,2,2,1.5,0.0,50.0,26713.0,26713.0
58697,2,2,24.0,0.9165,100.0,0.5,11.0
397203,2,3,1.5,0.0,0.0,122.0,136.75
8038,2,2,4.0,0.3572,100.0,5467.5,5467.75
56045,2,2,45.0,0.9541,100.0,0.0,1.5
8473,2,2,1.0,0.0,100.0,60578.0,60578.0
55871,2,2,1.0,0.0,100.0,96834.0,96834.0
917,2,2,10.0,0.4444,0.0,31793.5,39089.0
138965,2,2,278.0,0.9928,0.0,0.0,6.5
140919,2,2,22.0,0.9089,100.0,0.0,0.0
150288,2,2,2.0,0.0,0.0,0.0,0.0
51847,2,2,11.0,0.45,0.0,45199.0,45199.5
151338,2,2,1.0,0.0,0.0,55641.5,55641.5
28624,2,2,1.0,0.0,100.0,8.0,8.0
49304,2,2,5.0,0.6,100.0,3.0,144.0
13576,2,2,1.0,0.0,100.0,39820.0,39820.0
215898,2,2,32.0,0.913,100.0,0.0,0.75
3833,2,2,8.0,0.75,0.0,1.0,22078.0
23961,2,2,572.0,0.9965,100.0,0.0,191.5
24560,2,2,15.0,0.8136,100.0,0.0,0.5
264228,2,2,11.0,0.8182,100.0,1.0,10.75
27065,2,2,2.0,0.1666,100.0,0.0,0.0
19299,2,2,2.0,0.1666,100.0,6573.0,9168.25
19318,2,2,4.0,0.3334,0.0,430.5,431.0
13999,2,2,1.0,0.0,100.0,3222.5,3222.5
263456,2,2,15.0,0.8667,100.0,0.0,0.5
16158,2,2,3.0,0.25,0.0,32.0,6962.25
22884,2,2,1.5,0.0,50.0,45382.0,45382.0
17451,2,2,18.0,0.8889,0.0,0.0,3.0
22894,2,2,1.0,0.0,100.0,145379.0,145379.0
3477,2,2,22.0,0.7744,100.0,15.0,320.5
21301,2,2,21.5,0.907,50.0,0.0,11.0
20940,2,2,1.0,0.0,100.0,1039.5,1039.5
16509,2,2,4.0,0.4666,100.0,193.0,684.25
17622,2,2,2.0,0.0,0.0,51173.0,51173.0
14288,2,2,5.0,0.375,0.0,0.0,8.0
20473,2,2,5.5,0.4,50.0,23099.5,23128.5
24634,2,2,19.0,0.6381,100.0,0.0,7.5
139938,1,1,11.0,0.8182,100.0,0.0,20.0
268284,1,1,25.0,0.92,100.0,0.0,3.0
209,1,1,1.0,0.0,100.0,474.0,474.0
268314,1,1,33.0,0.9394,100.0,0.0,1.0
396458,1,1,8.0,0.75,0.0,30.0,7126.0
139743,1,1,22.0,0.9091,0.0,0.0,0.0
268180,1,1,51.0,0.9608,100.0,0.0,5.5
140105,1,1,47.0,0.9574,100.0,0.0,2.5
140224,1,1,2.0,0.0,0.0,430.0,430.0
395662,1,1,8.0,0.75,0.0,591.0,18680.5
154160,1,2,12.0,0.75,0.0,0.0,1.0
153519,1,1,6.0,0.6667,0.0,0.0,3.0
153489,1,1,34.0,0.9412,0.0,0.0,20.0
152508,1,1,11.0,0.8182,100.0,0.0,14.5
151704,1,1,27.0,0.9259,100.0,0.0,1.5
151080,1,1,17.0,0.8824,100.0,1.0,29.0
271945,1,1,7.0,0.7143,100.0,0.0,0.5
149765,1,1,11.0,0.8182,100.0,0.0,1922.5
147194,1,1,5.0,0.6,0.0,0.0,1.0
141864,1,1,4.0,0.5,0.0,0.0,12993.5
267416,1,1,9.0,0.7778,100.0,0.0,0.0
141447,1,1,41.0,0.9512,100.0,0.0,1.0
141209,1,1,4.0,0.5,0.0,2.0,13.0
138637,1,1,7.0,0.7143,100.0,0.0,0.5
138658,1,1,692.0,0.9971,0.0,0.0,65.5
262189,1,1,17.0,0.8824,100.0,0.0,2.0
268389,1,1,20.0,0.9,0.0,0.0,0.5
134763,1,1,1.0,0.0,100.0,56545.0,56545.0
400619,1,1,1.0,0.0,100.0,164.0,164.0
135298,1,1,1.0,0.0,100.0,5.0,5.0
135097,1,1,1.0,0.0,100.0,96169.0,96169.0
134773,1,1,1.0,0.0,100.0,56569.0,56569.0
270865,1,1,56.0,0.9643,0.0,0.0,4.5
401687,1,1,1.0,0.0,100.0,30.0,30.0
401701,1,1,25.0,0.92,100.0,0.0,11.0
268539,1,1,43.0,0.9535,100.0,0.0,1.0
270385,1,1,19.0,0.8947,100.0,2.0,9.5
269696,1,1,4.0,0.5,0.0,0.0,0.0
270376,1,1,1.0,0.0,100.0,0.0,0.0
134489,1,1,9.0,0.7778,100.0,0.0,91.0
133840,1,1,17.0,0.8824,100.0,0.0,4.0
269746,1,1,3.0,0.3333,100.0,51.0,2928.5
136184,1,1,1232.0,0.9984,0.0,1.0,119.0
399561,1,1,4.0,0.5,0.0,2313.0,8776.5
269695,1,1,5.0,0.6,100.0,0.0,71.0
271627,1,1,9.0,0.7778,100.0,0.0,0.0
398453,1,1,1.0,0.0,100.0,25.0,25.0
398053,1,1,5.0,0.6,100.0,2.0,7.0
268872,1,1,3.0,0.3333,100.0,0.0,0.0
136774,1,1,11.0,0.8182,100.0,0.0,4.5
136826,1,1,6.0,0.6667,0.0,1.0,30.0
397765,1,1,1.0,0.0,100.0,111569.0,111569.0
268605,1,1,1.0,0.0,100.0,4851.0,4851.0
268546,1,1,19.0,0.8947,100.0,0.0,4.5
397635,1,1,6.0,0.6667,0.0,1.0,1.0
271705,1,1,1.0,0.0,100.0,1.0,1.0
397423,1,1,5.0,0.6,100.0,0.0,2.0
199608,1,1,21.0,0.9048,100.0,1.0,4.0
397207,1,11,14.0,0.2143,0.0,0.0,120.5
137085,1,1,10.0,0.8,0.0,0.0,1242.0
200235,1,1,3.0,0.3333,100.0,21.0,29.0
273102,1,1,15.0,0.8667,100.0,0.0,1.0
273585,1,1,74.0,0.973,0.0,0.0,5.0
263601,1,1,1.0,0.0,100.0,257.0,257.0
211843,1,1,2.0,0.0,0.0,29.0,29.0
211612,1,1,3.0,0.3333,100.0,4.0,14.5
263677,1,1,1.0,0.0,100.0,7551.0,7551.0
211484,1,1,3.0,0.3333,100.0,249.0,52122.0
263685,1,1,1.0,0.0,100.0,2239.0,2239.0
210259,1,1,419.0,0.9952,100.0,0.0,1.0
263592,1,1,8.0,0.75,0.0,0.0,1.5
209881,1,1,22.0,0.9091,0.0,0.0,0.0
264409,1,1,89.0,0.9775,100.0,0.0,1.0
264564,1,1,65.0,0.9692,100.0,0.0,3.0
328867,1,1,6.0,0.6667,0.0,9.0,390.0
209139,1,1,19.0,0.8947,100.0,0.0,1.0
329227,1,1,1.0,0.0,100.0,33.0,33.0
212123,1,1,15.0,0.8667,100.0,0.0,108.0
328771,1,1,11.0,0.8182,100.0,1.0,2.5
208690,1,1,1.0,0.0,100.0,111324.0,111324.0
271,1,1,3.0,0.3333,100.0,2410.0,5484.0
133623,1,1,61.0,0.9672,100.0,0.0,0.0
215845,1,1,20.0,0.9,0.0,0.0,1.0
262786,1,1,1.0,0.0,100.0,20.0,20.0
215597,1,1,7.0,0.7143,100.0,0.0,3.0
262967,1,1,2.0,0.0,0.0,2.0,2.0
214466,1,1,1.0,0.0,100.0,0.0,0.0
213736,1,1,23.0,0.913,100.0,0.0,5.5
212247,1,1,315.0,0.9937,100.0,0.0,1.0
327707,1,1,2.0,0.0,0.0,10900.0,10900.0
212698,1,1,11.0,0.8182,100.0,3.0,27.0
273727,1,1,7.0,0.7143,100.0,1.0,7.0
212598,1,1,17.0,0.8824,100.0,0.0,1.0
328149,1,1,20.0,0.9,0.0,0.0,8.0
212477,1,1,3.0,0.3333,100.0,749.0,34504.0
264918,1,1,11.0,0.8182,100.0,0.0,8.5
208555,1,1,30.0,0.9333,0.0,0.0,4.0
199731,1,1,14.0,0.8571,0.0,0.0,3.0
202248,1,1,7.0,0.7143,100.0,0.0,0.5
265561,1,1,5.0,0.6,100.0,0.0,2.0
203217,1,1,8.0,0.75,0.0,0.0,0.0
273140,1,1,29.0,0.931,100.0,0.0,0.0
265589,1,1,41.0,0.9512,100.0,0.0,3.0
202914,1,1,1.0,0.0,100.0,91.0,91.0
202736,1,1,3.0,0.3333,100.0,1.0,14.5
202087,1,1,17.0,0.8824,100.0,0.0,2.0
203591,1,1,1.0,0.0,100.0,0.0,0.0
266212,1,1,25.0,0.92,100.0,0.0,10.0
395222,1,1,1.0,0.0,100.0,18.0,18.0
200337,1,1,5.0,0.6,100.0,5.0,13.0
262362,1,1,13.0,0.8462,100.0,0.0,2.0
267079,1,1,3.0,0.3333,100.0,0.0,49458.5
200070,1,1,2.0,0.0,0.0,168.0,168.0
203459,1,1,6.0,0.6667,0.0,0.0,0.0
395111,1,1,2.0,0.0,0.0,0.0,0.0
208398,1,2,9.0,0.6667,100.0,0.0,0.5
206317,1,1,55.0,0.9636,100.0,0.0,3.5
207713,1,1,133.0,0.985,100.0,0.0,3.0
273468,1,1,23.0,0.913,100.0,0.0,4.5
237,1,1,2.0,0.0,0.0,51476.0,51476.0
393560,1,1,17.0,0.8824,100.0,0.0,5.0
206850,1,1,2.0,0.0,0.0,120403.0,120403.0
206738,1,1,1.0,0.0,100.0,27.0,27.0
408,1,1,23.0,0.913,100.0,0.0,5.0
393889,1,1,109.0,0.9817,100.0,0.0,3.0
265080,1,1,153.0,0.9869,100.0,0.0,1.0
204548,1,1,1.0,0.0,100.0,124.0,124.0
265508,1,1,1.0,0.0,100.0,715.0,715.0
203993,1,1,1.0,0.0,100.0,71942.0,71942.0
393667,1,1,1.0,0.0,100.0,62144.0,62144.0
393851,1,1,3.0,0.3333,100.0,0.0,10557.0
270207,1,1,2.0,0.0,0.0,61.0,61.0
52780,1,1,21.0,0.9048,100.0,0.0,9.0
133418,1,1,21.0,0.9048,100.0,0.0,3.0
20200,1,1,1925.0,0.999,100.0,0.0,20.0
24139,1,1,2.0,0.0,0.0,16438.0,16438.0
23487,1,1,33.0,0.9394,100.0,0.0,14.0
23031,1,1,6.0,0.6667,0.0,10387.0,12910.0
22284,1,1,17.0,0.8824,100.0,0.0,2.0
22241,1,1,4.0,0.5,0.0,32.0,23746.5
4046,1,1,7.0,0.7143,100.0,0.0,12.5
21491,1,1,33.0,0.9394,100.0,0.0,2.0
21326,1,1,31.0,0.9355,100.0,0.0,9.0
20340,1,1,1.0,0.0,100.0,158.0,158.0
19780,1,1,7.0,0.7143,100.0,1.0,8.0
25081,1,1,1.0,0.0,100.0,60809.0,60809.0
19551,1,1,7.0,0.7143,100.0,8.0,12.0
18886,1,1,33.0,0.9394,100.0,0.0,23.0
4058,1,1,3.0,0.3333,100.0,5.0,44921.5
18678,1,1,2.0,0.0,0.0,75438.0,75438.0
17762,1,1,37.0,0.9459,100.0,0.0,1.0
17709,1,1,18.0,0.8889,0.0,0.0,2.0
4648,1,1,2.0,0.0,0.0,62812.0,62812.0
17564,1,1,17.0,0.8824,100.0,1.0,7.0
4758,1,1,1.0,0.0,100.0,3.0,3.0
24440,1,1,17.0,0.8824,100.0,0.0,3.0
25233,1,1,37.0,0.9459,100.0,0.0,5.0
133296,1,1,10.0,0.8,0.0,0.0,3774.0
28537,1,1,87.0,0.977,100.0,0.0,3.5
31216,1,2,6.0,0.5,100.0,2.0,5.0
30987,1,1,1.0,0.0,100.0,15.0,15.0
3000,1,1,37.0,0.9459,100.0,0.0,6.0
29226,1,1,2.0,0.0,0.0,5520.0,5520.0
29016,1,1,23.0,0.913,100.0,0.0,1.0
28785,1,1,1.0,0.0,100.0,88595.0,88595.0
28657,1,1,21.0,0.9048,100.0,0.0,3.0
28598,1,1,3.0,0.3333,100.0,17537.0,42966.0
28548,1,1,17.0,0.8824,100.0,0.0,8.0
28432,1,1,2.0,0.0,0.0,10.0,10.0
25577,1,1,13.0,0.8462,100.0,0.0,0.0
28135,1,1,94.0,0.9787,0.0,0.0,5.0
28036,1,1,4.0,0.5,0.0,1.0,12.0
27947,1,1,17.0,0.8824,100.0,0.0,712.0
27759,1,1,6.0,0.6667,0.0,202.0,3463.0
27176,1,1,3.0,0.3333,100.0,0.0,38.5
27066,1,1,1.0,0.0,100.0,0.0,0.0
26959,1,1,17.0,0.8824,100.0,0.0,4.0
26613,1,1,23.0,0.913,100.0,0.0,1.0
26383,1,1,9.0,0.7778,100.0,49.0,2326.0
17497,1,1,4.0,0.5,0.0,4.0,10.0
17378,1,1,207.0,0.9903,100.0,0.0,3.0
17044,1,1,8.0,0.75,0.0,5.0,9.0
5384,1,1,1.0,0.0,100.0,86882.0,86882.0
9009,1,1,10.0,0.8,0.0,0.0,3985.0
8795,1,1,4.0,0.5,0.0,0.0,12.5
8732,1,1,6.0,0.6667,0.0,181.0,3827.0
8569,1,1,3.0,0.3333,100.0,397.0,2616.5
8561,1,1,1.0,0.0,100.0,30.0,30.0
8075,1,1,1.0,0.0,100.0,116318.0,116318.0
8035,1,1,93.0,0.9785,100.0,0.0,5.0
7843,1,1,8440.0,0.9998,0.0,0.0,31.0
7653,1,1,1.0,0.0,100.0,10817.0,10817.0
7420,1,1,7.0,0.7143,100.0,4565.0,8784.5
17025,1,1,4.0,0.5,0.0,2.0,46274.0
5416,1,1,1.0,0.0,100.0,64.0,64.0
6977,1,2,5.0,0.4,0.0,0.0,30.0
6830,1,1,11.0,0.8182,100.0,0.0,4.5
6453,1,1,7.0,0.7143,100.0,90.0,961.0
6407,1,1,3.0,0.3333,100.0,235.0,10394.5
6224,1,1,5.0,0.6,100.0,1.0,1.0
6079,1,1,6.0,0.6667,0.0,0.0,1.0
5852,1,1,15.0,0.8667,100.0,0.0,1.0
5839,1,1,141.0,0.9858,100.0,0.0,2.0
5307,1,1,1.0,0.0,100.0,1.0,1.0
9308,1,1,3.0,0.3333,100.0,10360.0,58969.0
4826,1,1,4.0,0.5,0.0,381.0,9100.0
9405,1,1,2.0,0.0,0.0,2752.0,2752.0
15924,1,1,1.0,0.0,100.0,358.0,358.0
4760,1,1,2.0,0.0,0.0,89.0,89.0
4764,1,1,1.0,0.0,100.0,57.0,57.0
15085,1,1,2.0,0.0,0.0,46939.0,46939.0
14434,1,1,31.0,0.9355,100.0,0.0,1.5
13845,1,1,18.0,0.8889,0.0,0.0,2.0
13814,1,1,21.0,0.9048,100.0,0.0,1.0
13693,1,1,6.0,0.6667,0.0,5.0,46.0
13335,1,1,39.0,0.9487,100.0,0.0,4.0
12816,1,1,1.0,0.0,100.0,9.0,9.0
12684,1,1,13.0,0.8462,100.0,1.0,8.0
12496,1,1,3.0,0.3333,100.0,3.0,4.0
12444,1,1,3.0,0.3333,100.0,1.0,1.0
12389,1,1,2.0,0.0,0.0,5552.0,5552.0
11892,1,2,41.0,0.9268,100.0,0.0,1.0
11427,1,1,3.0,0.3333,100.0,286.0,668.0
10279,1,1,6.0,0.6667,0.0,7.0,26.0
10103,1,1,7.0,0.7143,100.0,0.0,25.0
10094,1,1,8.0,0.75,0.0,100.0,1270.0
31713,1,1,8.0,0.75,0.0,0.0,1.0
31715,1,1,3.0,0.3333,100.0,0.0,2.0
32482,1,1,395.0,0.9949,100.0,0.0,2.0
53550,1,1,3.0,0.3333,100.0,215.0,7559.0
57000,1,1,6.0,0.6667,0.0,0.0,0.0
56763,1,1,16.0,0.875,0.0,0.0,3.5
55467,1,1,27.0,0.9259,100.0,0.0,6.0
999,1,1,2.0,0.0,0.0,16838.0,16838.0
55286,1,1,3.0,0.3333,100.0,1125.0,30069.5
55044,1,1,3.0,0.3333,100.0,3.0,3.5
1501,1,1,63.0,0.9683,100.0,0.0,6.5
54325,1,1,8.0,0.75,0.0,3.0,12.0
53624,1,1,21.0,0.9048,100.0,0.0,3.0
52801,1,1,11.0,0.8182,100.0,0.0,20.5
50937,1,1,1.0,0.0,100.0,13011.0,13011.0
52793,1,1,64.0,0.9688,0.0,0.0,1.0
5693,1,1,6.0,0.6667,0.0,0.0,504.0
52771,1,1,71.0,0.9718,100.0,0.0,1.0
52532,1,1,20.0,0.9,0.0,0.0,0.5
52468,1,1,1.0,0.0,100.0,1219.0,1219.0
52382,1,1,2.0,0.0,0.0,3.0,3.0
52186,1,1,3.0,0.3333,100.0,268.0,26829.5
51497,1,1,3.0,0.3333,100.0,0.0,1094.5
51026,1,1,1.0,0.0,100.0,228.0,228.0
57494,1,1,27.0,0.9259,100.0,1.0,5.5
57863,1,1,3.0,0.3333,100.0,63.0,2582.5
57935,1,1,6.0,0.6667,0.0,244.0,9314.0
58062,1,1,3.0,0.3333,100.0,7.0,25.5
721,1,1,35.0,0.9429,100.0,0.0,7.5
133118,1,1,2.0,0.0,0.0,16427.0,16427.0
132211,1,1,1.0,0.0,100.0,2.0,2.0
132159,1,1,1.0,0.0,100.0,0.0,0.0
132116,1,1,9.0,0.7778,100.0,0.0,0.0
131474,1,1,4.0,0.5,0.0,0.0,0.0
65540,1,1,11.0,0.8182,100.0,0.0,78.0
65402,1,1,3.0,0.3333,100.0,230.0,231.0
64432,1,1,1.0,0.0,100.0,82077.0,82077.0
63969,1,1,1.0,0.0,0.0,571.0,571.0
63855,1,1,4.0,0.5,0.0,0.0,380.5
63483,1,1,3.0,0.3333,100.0,7.0,13.0
63209,1,1,17.0,0.8824,100.0,0.0,0.0
63139,1,1,1.0,0.0,100.0,0.0,0.0
61945,1,1,37.0,0.9459,100.0,0.0,210.0
61317,1,1,1.0,0.0,100.0,1.0,1.0
60171,1,1,10.0,0.8,0.0,0.0,3.0
58811,1,1,3.0,0.3333,100.0,27.0,16648.5
58343,1,1,26.0,0.9231,0.0,0.0,24.0
50949,1,1,15.0,0.8667,100.0,0.0,1.0
50319,1,1,4.0,0.5,0.0,0.0,4.5
33182,1,1,4.0,0.5,0.0,11895.0,68151.0
37109,1,1,3.0,0.3333,100.0,2.0,47719.0
40513,1,1,9.0,0.7778,100.0,1.0,3.0
40481,1,1,6.0,0.6667,0.0,0.0,0.0
38566,1,1,41.0,0.9512,100.0,0.0,0.0
37679,1,1,3.0,0.3333,100.0,1.0,1.5
37518,1,1,15.0,0.8667,100.0,0.0,4.5
37440,1,1,5.0,0.6,100.0,0.0,0.0
37420,1,1,5.0,0.6,100.0,0.0,26.0
2200,1,1,24.0,0.9167,0.0,0.0,0.5
37218,1,1,3.0,0.3333,100.0,8.0,2983.0
2603,1,1,181.0,0.989,100.0,0.0,0.0
50165,1,1,9.0,0.7778,100.0,0.0,3.0
37016,1,1,1.0,0.0,100.0,123719.0,123719.0
36969,1,1,7.0,0.7143,100.0,1648.0,3107.0
36913,1,1,40.0,0.95,0.0,0.0,5.5
2721,1,1,30.0,0.9333,0.0,0.0,2.0
36443,1,1,1.0,0.0,100.0,35490.0,35490.0
35753,1,1,17.0,0.8824,100.0,1.0,30.0
34170,1,1,3.0,0.3333,100.0,0.0,0.5
33667,1,1,1.0,0.0,100.0,10.0,10.0
2856,1,1,1.0,0.0,100.0,39.0,39.0
40747,1,1,133.0,0.985,100.0,0.0,1.0
40763,1,1,1.0,0.0,100.0,90.0,90.0
40824,1,1,1.0,0.0,100.0,471.0,471.0
41079,1,1,1.0,0.0,100.0,1.0,1.0
49846,1,1,41.0,0.9512,100.0,0.0,9.0
49559,1,1,1.0,0.0,100.0,234.0,234.0
49468,1,1,7.0,0.7143,100.0,791.0,2336.0
48950,1,1,1.0,0.0,100.0,196.0,196.0
48851,1,1,3.0,0.3333,100.0,0.0,6.0
48314,1,1,4.0,0.5,0.0,0.0,349.5
47516,1,1,23.0,0.913,100.0,0.0,1.5
47154,1,1,27.0,0.9259,100.0,0.0,3.5
46555,1,1,2.0,0.0,0.0,411.0,411.0
46454,1,1,1.0,0.0,100.0,106.0,106.0
45814,1,1,22.0,0.9091,0.0,0.0,1.0
1637,1,1,1.0,0.0,100.0,0.0,0.0
45044,1,1,1.0,0.0,100.0,103893.0,103893.0
44932,1,1,1.0,0.0,100.0,23397.0,23397.0
44495,1,1,17.0,0.8824,100.0,0.0,2.0
44388,1,1,9.0,0.7778,100.0,0.0,4.0
43076,1,1,32.0,0.9375,0.0,0.0,16.5
42708,1,1,11.0,0.8182,100.0,0.0,2.0
41564,1,1,1.0,0.0,100.0,51.0,51.0
3,1,1,14.0,0.8571,0.0,63.0,443.0
